Season,DayNum,WTeamID,WScore,LTeamID,LScore,WLoc,NumOT,WFGM,WFGA,WFGM3,WFGA3,WFTM,WFTA,WOR,WDR,WAst,WTO,WStl,WBlk,WPF,LFGM,LFGA,LFGM3,LFGA3,LFTM,LFTA,LOR,LDR,LAst,LTO,LStl,LBlk,LPF,TeamID,total_games,wins,win_percentage,avg_points_diff,avg_points_scored,avg_points_allowed,median_points_diff,close_game_winrate,blowout_rate,overtime_rate,longest_win_streak,offensive_eff,defensive_eff,net_rating,possessions,tempo,eff_field_goal_percentage,true_shooting_percentage,three_points_attempt_rate,block_rate,steal_rate,assist_rate,free_throws_rate,turnover_percentage,offensive_rebound_percentage,def_reb_perc,foul_rate,home_win_pct,away_win_pct,neutral_win_pct,home_point_diff,away_point_diff,neutral_point_diff,home_away_win_pct_delta,home_away_point_diff_delta,win_pct_last5,win_pct_last10,point_diff_last5,point_diff_last10,off_rating_last5,off_rating_last10,def_rating_last5,def_rating_last10,eFG_last5,eFG_last10,topct_last5,topct_last10,rebound_pct_last5,rebound_pct_last10,trend_last5,trend_last10,close_games,close_game_wins,total_pts,total_pa,total_poss,total_opp_poss,total_fgm,total_fga,total_fgm3,total_fga3,total_fta,total_ast,total_to,total_or,total_dr,total_blk,total_stl,total_pf,total_opp_fga,total_opp_dr,total_opp_or,home_games,away_games,neutral_games,home_wins,away_wins,neutral_wins,net_rating_last5,net_rating_last10,recent_elo,recent_elo_mov,neutral_point_diff_smothered,neutral_win_pct_smothered,Seed,TeamID_l,total_games_l,wins_l,win_percentage_l,avg_points_diff_l,avg_points_scored_l,avg_points_allowed_l,median_points_diff_l,close_game_winrate_l,blowout_rate_l,overtime_rate_l,longest_win_streak_l,offensive_eff_l,defensive_eff_l,net_rating_l,possessions_l,tempo_l,eff_field_goal_percentage_l,true_shooting_percentage_l,three_points_attempt_rate_l,block_rate_l,steal_rate_l,assist_rate_l,free_throws_rate_l,turnover_percentage_l,offensive_rebound_percentage_l,def_reb_perc_l,foul_rate_l,home_win_pct_l,away_win_pct_l,neutral_win_pct_l,home_point_diff_l,away_point_diff_l,neutral_point_diff_l,home_away_win_pct_delta_l,home_away_point_diff_delta_l,win_pct_last5_l,win_pct_last10_l,point_diff_last5_l,point_diff_last10_l,off_rating_last5_l,off_rating_last10_l,def_rating_last5_l,def_rating_last10_l,eFG_last5_l,eFG_last10_l,topct_last5_l,topct_last10_l,rebound_pct_last5_l,rebound_pct_last10_l,trend_last5_l,trend_last10_l,close_games_l,close_game_wins_l,total_pts_l,total_pa_l,total_poss_l,total_opp_poss_l,total_fgm_l,total_fga_l,total_fgm3_l,total_fga3_l,total_fta_l,total_ast_l,total_to_l,total_or_l,total_dr_l,total_blk_l,total_stl_l,total_pf_l,total_opp_fga_l,total_opp_dr_l,total_opp_or_l,home_games_l,away_games_l,neutral_games_l,home_wins_l,away_wins_l,neutral_wins_l,net_rating_last5_l,net_rating_last10_l,recent_elo_l,recent_elo_mov_l,neutral_point_diff_smothered_l,neutral_win_pct_smothered_l,Seed_l
2025,135,3235,68,3343,63,N,0,29,62,4,13,6,7,4,33,16,12,6,3,7,24,67,5,19,10,13,10,27,9,8,7,9,9,,,,,,,,,,,,,,,,,,,,,,,,,,,,,,,,,,,,,,,,,,,,,,,,,,,,,,,,,,,,,,,,,,,,,,,,,,,,,,,,,,,,,,,,,,,,,,,,,,,,,,,,,,,,,,,,,,,,,,,,,,,,,,,,,,,,,,,,,,,,,,,,,,,,,,,,,,,,,,,,,,,,,,,,,,,,
2025,135,3380,68,3471,56,A,0,25,51,6,10,12,16,6,30,17,16,10,4,13,21,61,9,26,5,6,8,21,15,15,7,4,16,,,,,,,,,,,,,,,,,,,,,,,,,,,,,,,,,,,,,,,,,,,,,,,,,,,,,,,,,,,,,,,,,,,,,,,,,,,,,,,,,,,,,,,,,,,,,,,,,,,,,,,,,,,,,,,,,,,,,,,,,,,,,,,,,,,,,,,,,,,,,,,,,,,,,,,,,,,,,,,,,,,,,,,,,,,,
2025,136,3162,63,3449,60,N,0,22,54,7,23,12,17,8,22,10,9,8,1,12,27,51,3,13,3,10,5,24,8,15,3,2,13,,,,,,,,,,,,,,,,,,,,,,,,,,,,,,,,,,,,,,,,,,,,,,,,,,,,,,,,,,,,,,,,,,,,,,,,,,,,,,,,,,,,,,,,,,,,,,,,,,,,,,,,,,,,,,,,,,,,,,,,,,,,,,,,,,,,,,,,,,,,,,,,,,,,,,,,,,,,,,,,,,,,,,,,,,,,
2025,136,3456,69,3219,63,A,0,23,59,7,18,16,18,15,30,11,16,5,4,15,24,62,6,20,9,12,9,22,9,12,15,2,15,,,,,,,,,,,,,,,,,,,,,,,,,,,,,,,,,,,,,,,,,,,,,,,,,,,,,,,,,,,,,,,,,,,,,,,,,,,,,,,,,,,,,,,,,,,,,,,,,,,,,,,,,,,,,,,,,,,,,,,,,,,,,,,,,,,,,,,,,,,,,,,,,,,,,,,,,,,,,,,,,,,,,,,,,,,,
2025,137,3124,73,3213,60,H,0,24,48,5,13,20,31,9,35,14,19,2,5,20,23,67,4,21,10,17,10,23,8,12,11,0,24,,,,,,,,,,,,,,,,,,,,,,,,,,,,,,,,,,,,,,,,,,,,,,,,,,,,,,,,,,,,,,,,,,,,,,,,,,,,,,,,,,,,,,,,,,,,,,,,,,,,,,,,,,,,,,,,,,,,,,,,,,,,,,,,,,,,,,,,,,,,,,,,,,,,,,,,,,,,,,,,,,,,,,,,,,,,
2025,137,3181,86,3250,25,H,0,31,67,11,29,13,18,19,29,17,16,13,4,13,9,46,2,15,5,6,8,19,3,30,8,4,16,,,,,,,,,,,,,,,,,,,,,,,,,,,,,,,,,,,,,,,,,,,,,,,,,,,,,,,,,,,,,,,,,,,,,,,,,,,,,,,,,,,,,,,,,,,,,,,,,,,,,,,,,,,,,,,,,,,,,,,,,,,,,,,,,,,,,,,,,,,,,,,,,,,,,,,,,,,,,,,,,,,,,,,,,,,,
2025,137,3231,76,3428,68,N,0,29,50,5,17,13,15,1,27,19,12,6,1,13,26,60,9,32,7,11,7,22,15,11,3,2,13,,,,,,,,,,,,,,,,,,,,,,,,,,,,,,,,,,,,,,,,,,,,,,,,,,,,,,,,,,,,,,,,,,,,,,,,,,,,,,,,,,,,,,,,,,,,,,,,,,,,,,,,,,,,,,,,,,,,,,,,,,,,,,,,,,,,,,,,,,,,,,,,,,,,,,,,,,,,,,,,,,,,,,,,,,,,
2025,137,3243,85,3193,41,N,0,34,64,8,23,9,11,16,28,23,16,7,4,11,15,51,5,31,6,8,5,14,9,19,11,3,14,,,,,,,,,,,,,,,,,,,,,,,,,,,,,,,,,,,,,,,,,,,,,,,,,,,,,,,,,,,,,,,,,,,,,,,,,,,,,,,,,,,,,,,,,,,,,,,,,,,,,,,,,,,,,,,,,,,,,,,,,,,,,,,,,,,,,,,,,,,,,,,,,,,,,,,,,,,,,,,,,,,,,,,,,,,,
2025,137,3246,79,3251,78,H,0,28,67,12,29,11,13,15,17,15,7,7,12,17,29,63,7,20,13,18,18,23,17,14,2,4,15,,,,,,,,,,,,,,,,,,,,,,,,,,,,,,,,,,,,,,,,,,,,,,,,,,,,,,,,,,,,,,,,,,,,,,,,,,,,,,,,,,,,,,,,,,,,,,,,,,,,,,,,,,,,,,,,,,,,,,,,,,,,,,,,,,,,,,,,,,,,,,,,,,,,,,,,,,,,,,,,,,,,,,,,,,,,
2025,137,3257,63,3304,58,N,0,25,67,4,19,9,15,18,21,14,13,10,3,14,23,52,8,20,4,8,9,26,19,24,5,5,16,,,,,,,,,,,,,,,,,,,,,,,,,,,,,,,,,,,,,,,,,,,,,,,,,,,,,,,,,,,,,,,,,,,,,,,,,,,,,,,,,,,,,,,,,,,,,,,,,,,,,,,,,,,,,,,,,,,,,,,,,,,,,,,,,,,,,,,,,,,,,,,,,,,,,,,,,,,,,,,,,,,,,,,,,,,,
2025,137,3276,80,3235,74,N,0,28,67,12,33,12,13,9,23,18,11,12,2,16,29,58,11,30,5,9,6,28,23,18,4,4,17,,,,,,,,,,,,,,,,,,,,,,,,,,,,,,,,,,,,,,,,,,,,,,,,,,,,,,,,,,,,,,,,,,,,,,,,,,,,,,,,,,,,,,,,,,,,,,,,,,,,,,,,,,,,,,,,,,,,,,,,,,,,,,,,,,,,,,,,,,,,,,,,,,,,,,,,,,,,,,,,,,,,,,,,,,,,
2025,137,3279,83,3123,65,N,0,31,74,4,20,17,24,18,35,15,8,6,5,21,24,61,6,22,11,14,5,26,6,13,2,2,18,,,,,,,,,,,,,,,,,,,,,,,,,,,,,,,,,,,,,,,,,,,,,,,,,,,,,,,,,,,,,,,,,,,,,,,,,,,,,,,,,,,,,,,,,,,,,,,,,,,,,,,,,,,,,,,,,,,,,,,,,,,,,,,,,,,,,,,,,,,,,,,,,,,,,,,,,,,,,,,,,,,,,,,,,,,,
2025,137,3323,106,3372,54,H,0,45,80,7,19,9,10,17,27,26,11,18,9,11,19,58,7,26,9,11,12,18,10,28,4,1,10,,,,,,,,,,,,,,,,,,,,,,,,,,,,,,,,,,,,,,,,,,,,,,,,,,,,,,,,,,,,,,,,,,,,,,,,,,,,,,,,,,,,,,,,,,,,,,,,,,,,,,,,,,,,,,,,,,,,,,,,,,,,,,,,,,,,,,,,,,,,,,,,,,,,,,,,,,,,,,,,,,,,,,,,,,,,
2025,137,3326,71,3286,51,N,0,28,55,5,17,10,17,15,18,17,16,14,2,16,15,37,8,22,13,16,6,17,6,26,7,1,17,,,,,,,,,,,,,,,,,,,,,,,,,,,,,,,,,,,,,,,,,,,,,,,,,,,,,,,,,,,,,,,,,,,,,,,,,,,,,,,,,,,,,,,,,,,,,,,,,,,,,,,,,,,,,,,,,,,,,,,,,,,,,,,,,,,,,,,,,,,,,,,,,,,,,,,,,,,,,,,,,,,,,,,,,,,,
2025,137,3332,77,3435,73,N,1,27,58,8,16,15,27,11,31,13,19,5,3,21,25,67,2,14,21,29,14,22,13,12,12,0,27,,,,,,,,,,,,,,,,,,,,,,,,,,,,,,,,,,,,,,,,,,,,,,,,,,,,,,,,,,,,,,,,,,,,,,,,,,,,,,,,,,,,,,,,,,,,,,,,,,,,,,,,,,,,,,,,,,,,,,,,,,,,,,,,,,,,,,,,,,,,,,,,,,,,,,,,,,,,,,,,,,,,,,,,,,,,
2025,137,3350,74,3210,49,N,0,30,60,9,23,5,6,9,28,19,10,4,2,11,20,63,4,23,5,11,13,20,14,9,6,2,14,,,,,,,,,,,,,,,,,,,,,,,,,,,,,,,,,,,,,,,,,,,,,,,,,,,,,,,,,,,,,,,,,,,,,,,,,,,,,,,,,,,,,,,,,,,,,,,,,,,,,,,,,,,,,,,,,,,,,,,,,,,,,,,,,,,,,,,,,,,,,,,,,,,,,,,,,,,,,,,,,,,,,,,,,,,,
2025,137,3376,108,3399,48,N,0,43,64,12,19,10,13,13,34,25,16,10,8,8,19,59,4,20,6,7,7,8,7,18,12,3,16,,,,,,,,,,,,,,,,,,,,,,,,,,,,,,,,,,,,,,,,,,,,,,,,,,,,,,,,,,,,,,,,,,,,,,,,,,,,,,,,,,,,,,,,,,,,,,,,,,,,,,,,,,,,,,,,,,,,,,,,,,,,,,,,,,,,,,,,,,,,,,,,,,,,,,,,,,,,,,,,,,,,,,,,,,,,
2025,137,3395,73,3192,51,H,0,29,55,8,22,7,10,7,31,18,15,2,7,11,23,65,1,11,4,4,10,19,14,11,7,2,9,,,,,,,,,,,,,,,,,,,,,,,,,,,,,,,,,,,,,,,,,,,,,,,,,,,,,,,,,,,,,,,,,,,,,,,,,,,,,,,,,,,,,,,,,,,,,,,,,,,,,,,,,,,,,,,,,,,,,,,,,,,,,,,,,,,,,,,,,,,,,,,,,,,,,,,,,,,,,,,,,,,,,,,,,,,,
2025,137,3397,101,3378,66,N,0,39,78,16,37,7,12,13,22,19,6,12,5,14,25,64,6,17,10,12,16,27,12,24,3,0,11,,,,,,,,,,,,,,,,,,,,,,,,,,,,,,,,,,,,,,,,,,,,,,,,,,,,,,,,,,,,,,,,,,,,,,,,,,,,,,,,,,,,,,,,,,,,,,,,,,,,,,,,,,,,,,,,,,,,,,,,,,,,,,,,,,,,,,,,,,,,,,,,,,,,,,,,,,,,,,,,,,,,,,,,,,,,
2025,137,3417,84,3380,46,H,0,26,47,9,20,23,30,9,35,23,17,7,7,14,19,60,2,15,6,11,9,14,7,13,7,1,24,,,,,,,,,,,,,,,,,,,,,,,,,,,,,,,,,,,,,,,,,,,,,,,,,,,,,,,,,,,,,,,,,,,,,,,,,,,,,,,,,,,,,,,,,,,,,,,,,,,,,,,,,,,,,,,,,,,,,,,,,,,,,,,,,,,,,,,,,,,,,,,,,,,,,,,,,,,,,,,,,,,,,,,,,,,,
2025,138,3104,81,3453,67,N,0,32,67,10,27,7,8,13,30,19,12,7,3,12,23,59,9,23,12,14,5,22,12,10,6,2,14,,,,,,,,,,,,,,,,,,,,,,,,,,,,,,,,,,,,,,,,,,,,,,,,,,,,,,,,,,,,,,,,,,,,,,,,,,,,,,,,,,,,,,,,,,,,,,,,,,,,,,,,,,,,,,,,,,,,,,,,,,,,,,,,,,,,,,,,,,,,,,,,,,,,,,,,,,,,,,,,,,,,,,,,,,,,
2025,138,3163,103,3117,34,H,0,40,68,13,28,10,12,11,41,29,12,12,13,10,12,70,6,40,4,4,13,18,5,20,4,1,10,,,,,,,,,,,,,,,,,,,,,,,,,,,,,,,,,,,,,,,,,,,,,,,,,,,,,,,,,,,,,,,,,,,,,,,,,,,,,,,,,,,,,,,,,,,,,,,,,,,,,,,,,,,,,,,,,,,,,,,,,,,,,,,,,,,,,,,,,,,,,,,,,,,,,,,,,,,,,,,,,,,,,,,,,,,,
2025,138,3199,94,3206,59,N,0,33,58,9,20,19,25,11,35,17,11,9,6,15,20,70,7,21,12,16,17,14,12,10,9,3,16,,,,,,,,,,,,,,,,,,,,,,,,,,,,,,,,,,,,,,,,,,,,,,,,,,,,,,,,,,,,,,,,,,,,,,,,,,,,,,,,,,,,,,,,,,,,,,,,,,,,,,,,,,,,,,,,,,,,,,,,,,,,,,,,,,,,,,,,,,,,,,,,,,,,,,,,,,,,,,,,,,,,,,,,,,,,
2025,138,3228,66,3166,57,N,0,25,56,6,18,10,12,9,33,11,11,5,3,13,22,61,6,22,7,11,9,23,9,8,8,6,14,,,,,,,,,,,,,,,,,,,,,,,,,,,,,,,,,,,,,,,,,,,,,,,,,,,,,,,,,,,,,,,,,,,,,,,,,,,,,,,,,,,,,,,,,,,,,,,,,,,,,,,,,,,,,,,,,,,,,,,,,,,,,,,,,,,,,,,,,,,,,,,,,,,,,,,,,,,,,,,,,,,,,,,,,,,,
2025,138,3234,92,3293,57,N,0,41,73,8,17,2,4,10,34,28,15,8,3,17,19,62,5,30,14,19,9,23,7,15,7,4,11,,,,,,,,,,,,,,,,,,,,,,,,,,,,,,,,,,,,,,,,,,,,,,,,,,,,,,,,,,,,,,,,,,,,,,,,,,,,,,,,,,,,,,,,,,,,,,,,,,,,,,,,,,,,,,,,,,,,,,,,,,,,,,,,,,,,,,,,,,,,,,,,,,,,,,,,,,,,,,,,,,,,,,,,,,,,
2025,138,3261,103,3361,48,H,0,36,72,10,18,21,32,17,36,20,11,10,4,19,18,56,3,22,9,15,6,25,7,19,6,2,26,,,,,,,,,,,,,,,,,,,,,,,,,,,,,,,,,,,,,,,,,,,,,,,,,,,,,,,,,,,,,,,,,,,,,,,,,,,,,,,,,,,,,,,,,,,,,,,,,,,,,,,,,,,,,,,,,,,,,,,,,,,,,,,,,,,,,,,,,,,,,,,,,,,,,,,,,,,,,,,,,,,,,,,,,,,,
2025,138,3268,82,3313,69,H,0,25,58,9,18,23,25,13,28,16,16,6,2,12,27,62,7,25,8,11,7,19,13,11,10,4,21,,,,,,,,,,,,,,,,,,,,,,,,,,,,,,,,,,,,,,,,,,,,,,,,,,,,,,,,,,,,,,,,,,,,,,,,,,,,,,,,,,,,,,,,,,,,,,,,,,,,,,,,,,,,,,,,,,,,,,,,,,,,,,,,,,,,,,,,,,,,,,,,,,,,,,,,,,,,,,,,,,,,,,,,,,,,
2025,138,3277,64,3217,50,N,0,19,45,4,10,22,27,13,27,11,23,11,5,16,18,65,4,26,10,12,22,17,9,20,10,6,25,,,,,,,,,,,,,,,,,,,,,,,,,,,,,,,,,,,,,,,,,,,,,,,,,,,,,,,,,,,,,,,,,,,,,,,,,,,,,,,,,,,,,,,,,,,,,,,,,,,,,,,,,,,,,,,,,,,,,,,,,,,,,,,,,,,,,,,,,,,,,,,,,,,,,,,,,,,,,,,,,,,,,,,,,,,,
2025,138,3280,59,3143,46,A,0,19,55,2,11,19,24,9,30,13,20,15,6,20,13,52,3,21,17,25,11,26,5,24,9,1,23,,,,,,,,,,,,,,,,,,,,,,,,,,,,,,,,,,,,,,,,,,,,,,,,,,,,,,,,,,,,,,,,,,,,,,,,,,,,,,,,,,,,,,,,,,,,,,,,,,,,,,,,,,,,,,,,,,,,,,,,,,,,,,,,,,,,,,,,,,,,,,,,,,,,,,,,,,,,,,,,,,,,,,,,,,,,
2025,138,3301,75,3436,55,H,0,27,69,4,20,17,21,18,27,9,4,8,4,6,22,59,8,19,3,3,9,25,13,13,3,1,14,,,,,,,,,,,,,,,,,,,,,,,,,,,,,,,,,,,,,,,,,,,,,,,,,,,,,,,,,,,,,,,,,,,,,,,,,,,,,,,,,,,,,,,,,,,,,,,,,,,,,,,,,,,,,,,,,,,,,,,,,,,,,,,,,,,,,,,,,,,,,,,,,,,,,,,,,,,,,,,,,,,,,,,,,,,,
2025,138,3314,70,3333,49,H,0,30,67,7,20,3,4,4,28,14,5,10,2,14,19,54,4,24,7,10,8,32,10,17,1,3,9,,,,,,,,,,,,,,,,,,,,,,,,,,,,,,,,,,,,,,,,,,,,,,,,,,,,,,,,,,,,,,,,,,,,,,,,,,,,,,,,,,,,,,,,,,,,,,,,,,,,,,,,,,,,,,,,,,,,,,,,,,,,,,,,,,,,,,,,,,,,,,,,,,,,,,,,,,,,,,,,,,,,,,,,,,,,
2025,138,3328,81,3195,58,H,0,31,80,8,26,11,16,23,49,23,16,3,4,17,17,72,8,41,16,18,7,28,7,5,8,2,19,,,,,,,,,,,,,,,,,,,,,,,,,,,,,,,,,,,,,,,,,,,,,,,,,,,,,,,,,,,,,,,,,,,,,,,,,,,,,,,,,,,,,,,,,,,,,,,,,,,,,,,,,,,,,,,,,,,,,,,,,,,,,,,,,,,,,,,,,,,,,,,,,,,,,,,,,,,,,,,,,,,,,,,,,,,,
2025,138,3355,74,3329,68,N,0,28,63,2,9,16,20,12,35,12,16,5,4,14,26,64,10,29,6,12,6,23,11,12,6,8,18,,,,,,,,,,,,,,,,,,,,,,,,,,,,,,,,,,,,,,,,,,,,,,,,,,,,,,,,,,,,,,,,,,,,,,,,,,,,,,,,,,,,,,,,,,,,,,,,,,,,,,,,,,,,,,,,,,,,,,,,,,,,,,,,,,,,,,,,,,,,,,,,,,,,,,,,,,,,,,,,,,,,,,,,,,,,
2025,138,3400,105,3456,61,H,0,41,75,3,9,20,28,16,35,26,10,11,4,8,24,62,7,16,6,8,4,22,12,18,4,4,23,,,,,,,,,,,,,,,,,,,,,,,,,,,,,,,,,,,,,,,,,,,,,,,,,,,,,,,,,,,,,,,,,,,,,,,,,,,,,,,,,,,,,,,,,,,,,,,,,,,,,,,,,,,,,,,,,,,,,,,,,,,,,,,,,,,,,,,,,,,,,,,,,,,,,,,,,,,,,,,,,,,,,,,,,,,,
2025,138,3425,71,3422,25,H,0,27,72,3,14,14,19,24,36,14,17,17,10,16,7,54,4,18,7,12,11,23,7,23,8,5,17,,,,,,,,,,,,,,,,,,,,,,,,,,,,,,,,,,,,,,,,,,,,,,,,,,,,,,,,,,,,,,,,,,,,,,,,,,,,,,,,,,,,,,,,,,,,,,,,,,,,,,,,,,,,,,,,,,,,,,,,,,,,,,,,,,,,,,,,,,,,,,,,,,,,,,,,,,,,,,,,,,,,,,,,,,,,
2025,138,3452,78,3162,59,N,0,30,56,4,16,14,18,10,20,16,21,17,3,17,21,55,9,22,8,14,14,18,14,25,9,3,17,,,,,,,,,,,,,,,,,,,,,,,,,,,,,,,,,,,,,,,,,,,,,,,,,,,,,,,,,,,,,,,,,,,,,,,,,,,,,,,,,,,,,,,,,,,,,,,,,,,,,,,,,,,,,,,,,,,,,,,,,,,,,,,,,,,,,,,,,,,,,,,,,,,,,,,,,,,,,,,,,,,,,,,,,,,,
2025,139,3181,59,3332,53,H,0,21,55,7,17,10,13,10,22,13,12,7,1,13,21,52,4,14,7,10,10,23,4,17,7,2,14,,,,,,,,,,,,,,,,,,,,,,,,,,,,,,,,,,,,,,,,,,,,,,,,,,,,,,,,,,,,,,,,,,,,,,,,,,,,,,,,,,,,,,,,,,,,,,,,,,,,,,,,,,,,,,,,,,,,,,,,,,,,,,,,,,,,,,,,,,,,,,,,,,,,,,,,,,,,,,,,,,,,,,,,,,,,
2025,139,3243,80,3246,79,A,1,29,72,14,35,8,11,11,33,25,12,5,13,11,33,84,8,30,5,8,19,32,14,9,7,7,13,,,,,,,,,,,,,,,,,,,,,,,,,,,,,,,,,,,,,,,,,,,,,,,,,,,,,,,,,,,,,,,,,,,,,,,,,,,,,,,,,,,,,,,,,,,,,,,,,,,,,,,,,,,,,,,,,,,,,,,,,,,,,,,,,,,,,,,,,,,,,,,,,,,,,,,,,,,,,,,,,,,,,,,,,,,,
2025,139,3279,69,3124,63,A,0,25,67,2,10,17,21,16,24,10,13,6,2,17,27,59,2,15,7,11,9,28,15,21,8,5,17,,,,,,,,,,,,,,,,,,,,,,,,,,,,,,,,,,,,,,,,,,,,,,,,,,,,,,,,,,,,,,,,,,,,,,,,,,,,,,,,,,,,,,,,,,,,,,,,,,,,,,,,,,,,,,,,,,,,,,,,,,,,,,,,,,,,,,,,,,,,,,,,,,,,,,,,,,,,,,,,,,,,,,,,,,,,
2025,139,3323,76,3276,55,H,0,28,55,6,18,14,18,7,27,16,12,9,3,18,21,57,5,10,8,13,11,20,9,16,5,3,17,,,,,,,,,,,,,,,,,,,,,,,,,,,,,,,,,,,,,,,,,,,,,,,,,,,,,,,,,,,,,,,,,,,,,,,,,,,,,,,,,,,,,,,,,,,,,,,,,,,,,,,,,,,,,,,,,,,,,,,,,,,,,,,,,,,,,,,,,,,,,,,,,,,,,,,,,,,,,,,,,,,,,,,,,,,,
2025,139,3376,64,3231,53,H,0,24,55,5,13,11,16,8,29,14,12,7,7,8,21,51,7,20,4,6,2,25,17,16,5,2,16,,,,,,,,,,,,,,,,,,,,,,,,,,,,,,,,,,,,,,,,,,,,,,,,,,,,,,,,,,,,,,,,,,,,,,,,,,,,,,,,,,,,,,,,,,,,,,,,,,,,,,,,,,,,,,,,,,,,,,,,,,,,,,,,,,,,,,,,,,,,,,,,,,,,,,,,,,,,,,,,,,,,,,,,,,,,
2025,139,3395,85,3257,70,H,0,29,46,11,18,16,20,2,29,20,14,2,5,12,24,71,8,24,14,16,15,16,13,7,10,1,18,,,,,,,,,,,,,,,,,,,,,,,,,,,,,,,,,,,,,,,,,,,,,,,,,,,,,,,,,,,,,,,,,,,,,,,,,,,,,,,,,,,,,,,,,,,,,,,,,,,,,,,,,,,,,,,,,,,,,,,,,,,,,,,,,,,,,,,,,,,,,,,,,,,,,,,,,,,,,,,,,,,,,,,,,,,,
2025,139,3397,82,3326,67,A,0,32,71,10,34,8,12,14,25,17,14,15,6,21,25,54,5,12,12,17,8,26,10,23,8,4,17,,,,,,,,,,,,,,,,,,,,,,,,,,,,,,,,,,,,,,,,,,,,,,,,,,,,,,,,,,,,,,,,,,,,,,,,,,,,,,,,,,,,,,,,,,,,,,,,,,,,,,,,,,,,,,,,,,,,,,,,,,,,,,,,,,,,,,,,,,,,,,,,,,,,,,,,,,,,,,,,,,,,,,,,,,,,
2025,139,3417,84,3350,67,H,0,32,70,11,27,9,14,21,19,25,5,2,5,12,26,51,8,19,7,10,8,20,19,14,1,5,13,,,,,,,,,,,,,,,,,,,,,,,,,,,,,,,,,,,,,,,,,,,,,,,,,,,,,,,,,,,,,,,,,,,,,,,,,,,,,,,,,,,,,,,,,,,,,,,,,,,,,,,,,,,,,,,,,,,,,,,,,,,,,,,,,,,,,,,,,,,,,,,,,,,,,,,,,,,,,,,,,,,,,,,,,,,,
2025,140,3163,91,3355,57,H,0,38,66,8,18,7,10,8,20,23,7,12,5,14,21,51,9,22,6,9,11,22,12,25,3,3,13,,,,,,,,,,,,,,,,,,,,,,,,,,,,,,,,,,,,,,,,,,,,,,,,,,,,,,,,,,,,,,,,,,,,,,,,,,,,,,,,,,,,,,,,,,,,,,,,,,,,,,,,,,,,,,,,,,,,,,,,,,,,,,,,,,,,,,,,,,,,,,,,,,,,,,,,,,,,,,,,,,,,,,,,,,,,
2025,140,3261,101,3199,71,H,0,41,73,3,10,16,17,13,33,29,11,12,3,16,27,76,8,34,9,16,19,18,12,13,3,6,16,,,,,,,,,,,,,,,,,,,,,,,,,,,,,,,,,,,,,,,,,,,,,,,,,,,,,,,,,,,,,,,,,,,,,,,,,,,,,,,,,,,,,,,,,,,,,,,,,,,,,,,,,,,,,,,,,,,,,,,,,,,,,,,,,,,,,,,,,,,,,,,,,,,,,,,,,,,,,,,,,,,,,,,,,,,,
2025,140,3268,111,3104,108,H,2,37,82,11,26,26,31,23,23,13,19,10,4,22,40,74,8,22,20,29,14,23,21,20,14,3,27,,,,,,,,,,,,,,,,,,,,,,,,,,,,,,,,,,,,,,,,,,,,,,,,,,,,,,,,,,,,,,,,,,,,,,,,,,,,,,,,,,,,,,,,,,,,,,,,,,,,,,,,,,,,,,,,,,,,,,,,,,,,,,,,,,,,,,,,,,,,,,,,,,,,,,,,,,,,,,,,,,,,,,,,,,,,
2025,140,3301,83,3277,49,H,0,31,62,15,30,6,12,9,35,18,11,7,7,11,19,58,4,15,7,12,6,23,6,16,5,4,13,,,,,,,,,,,,,,,,,,,,,,,,,,,,,,,,,,,,,,,,,,,,,,,,,,,,,,,,,,,,,,,,,,,,,,,,,,,,,,,,,,,,,,,,,,,,,,,,,,,,,,,,,,,,,,,,,,,,,,,,,,,,,,,,,,,,,,,,,,,,,,,,,,,,,,,,,,,,,,,,,,,,,,,,,,,,
2025,140,3314,58,3452,47,H,0,20,55,3,15,15,22,16,25,6,17,7,6,20,13,54,2,21,19,23,14,21,6,16,10,4,22,,,,,,,,,,,,,,,,,,,,,,,,,,,,,,,,,,,,,,,,,,,,,,,,,,,,,,,,,,,,,,,,,,,,,,,,,,,,,,,,,,,,,,,,,,,,,,,,,,,,,,,,,,,,,,,,,,,,,,,,,,,,,,,,,,,,,,,,,,,,,,,,,,,,,,,,,,,,,,,,,,,,,,,,,,,,
2025,140,3328,96,3234,62,H,0,33,81,11,34,19,27,24,40,23,15,13,6,15,24,66,10,25,4,7,5,28,16,20,5,2,19,,,,,,,,,,,,,,,,,,,,,,,,,,,,,,,,,,,,,,,,,,,,,,,,,,,,,,,,,,,,,,,,,,,,,,,,,,,,,,,,,,,,,,,,,,,,,,,,,,,,,,,,,,,,,,,,,,,,,,,,,,,,,,,,,,,,,,,,,,,,,,,,,,,,,,,,,,,,,,,,,,,,,,,,,,,,
2025,140,3400,65,3228,48,H,0,28,60,0,5,9,12,9,24,13,10,10,3,10,16,42,5,15,11,15,4,23,10,20,4,1,11,,,,,,,,,,,,,,,,,,,,,,,,,,,,,,,,,,,,,,,,,,,,,,,,,,,,,,,,,,,,,,,,,,,,,,,,,,,,,,,,,,,,,,,,,,,,,,,,,,,,,,,,,,,,,,,,,,,,,,,,,,,,,,,,,,,,,,,,,,,,,,,,,,,,,,,,,,,,,,,,,,,,,,,,,,,,
2025,140,3425,96,3280,59,H,0,35,67,8,24,18,23,11,31,29,16,13,8,15,20,64,3,11,16,18,13,21,9,20,13,3,23,,,,,,,,,,,,,,,,,,,,,,,,,,,,,,,,,,,,,,,,,,,,,,,,,,,,,,,,,,,,,,,,,,,,,,,,,,,,,,,,,,,,,,,,,,,,,,,,,,,,,,,,,,,,,,,,,,,,,,,,,,,,,,,,,,,,,,,,,,,,,,,,,,,,,,,,,,,,,,,,,,,,,,,,,,,,
2025,144,3181,47,3314,38,N,0,18,58,5,24,6,14,15,28,8,10,6,6,11,15,53,3,11,5,10,12,28,6,15,4,3,12,,,,,,,,,,,,,,,,,,,,,,,,,,,,,,,,,,,,,,,,,,,,,,,,,,,,,,,,,,,,,,,,,,,,,,,,,,,,,,,,,,,,,,,,,,,,,,,,,,,,,,,,,,,,,,,,,,,,,,,,,,,,,,,,,,,,,,,,,,,,,,,,,,,,,,,,,,,,,,,,,,,,,,,,,,,,
2025,144,3261,80,3301,73,N,0,32,74,3,12,13,17,18,34,14,14,7,7,18,25,67,9,28,14,19,10,26,13,11,7,3,14,,,,,,,,,,,,,,,,,,,,,,,,,,,,,,,,,,,,,,,,,,,,,,,,,,,,,,,,,,,,,,,,,,,,,,,,,,,,,,,,,,,,,,,,,,,,,,,,,,,,,,,,,,,,,,,,,,,,,,,,,,,,,,,,,,,,,,,,,,,,,,,,,,,,,,,,,,,,,,,,,,,,,,,,,,,,
2025,144,3376,71,3268,67,N,0,25,65,4,15,17,21,13,34,13,18,0,7,18,25,64,4,13,13,18,7,27,11,14,8,1,19,,,,,,,,,,,,,,,,,,,,,,,,,,,,,,,,,,,,,,,,,,,,,,,,,,,,,,,,,,,,,,,,,,,,,,,,,,,,,,,,,,,,,,,,,,,,,,,,,,,,,,,,,,,,,,,,,,,,,,,,,,,,,,,,,,,,,,,,,,,,,,,,,,,,,,,,,,,,,,,,,,,,,,,,,,,,
2025,144,3417,76,3279,62,N,0,30,50,4,9,12,16,7,31,15,19,3,6,18,23,71,2,11,14,21,20,14,4,6,8,2,20,,,,,,,,,,,,,,,,,,,,,,,,,,,,,,,,,,,,,,,,,,,,,,,,,,,,,,,,,,,,,,,,,,,,,,,,,,,,,,,,,,,,,,,,,,,,,,,,,,,,,,,,,,,,,,,,,,,,,,,,,,,,,,,,,,,,,,,,,,,,,,,,,,,,,,,,,,,,,,,,,,,,,,,,,,,,
2025,145,3163,82,3328,59,N,0,32,73,10,26,8,13,9,34,19,10,18,3,13,22,62,7,25,8,10,8,33,14,23,7,2,13,,,,,,,,,,,,,,,,,,,,,,,,,,,,,,,,,,,,,,,,,,,,,,,,,,,,,,,,,,,,,,,,,,,,,,,,,,,,,,,,,,,,,,,,,,,,,,,,,,,,,,,,,,,,,,,,,,,,,,,,,,,,,,,,,,,,,,,,,,,,,,,,,,,,,,,,,,,,,,,,,,,,,,,,,,,,
2025,145,3395,71,3323,62,N,0,22,44,5,12,22,24,7,31,8,15,4,10,15,22,69,3,15,15,20,17,15,10,5,9,6,19,,,,,,,,,,,,,,,,,,,,,,,,,,,,,,,,,,,,,,,,,,,,,,,,,,,,,,,,,,,,,,,,,,,,,,,,,,,,,,,,,,,,,,,,,,,,,,,,,,,,,,,,,,,,,,,,,,,,,,,,,,,,,,,,,,,,,,,,,,,,,,,,,,,,,,,,,,,,,,,,,,,,,,,,,,,,
2025,145,3400,67,3397,59,N,0,27,58,3,7,10,12,9,27,13,14,8,4,13,25,66,5,26,4,10,17,22,10,18,6,3,15,,,,,,,,,,,,,,,,,,,,,,,,,,,,,,,,,,,,,,,,,,,,,,,,,,,,,,,,,,,,,,,,,,,,,,,,,,,,,,,,,,,,,,,,,,,,,,,,,,,,,,,,,,,,,,,,,,,,,,,,,,,,,,,,,,,,,,,,,,,,,,,,,,,,,,,,,,,,,,,,,,,,,,,,,,,,
2025,145,3425,67,3243,61,N,0,25,65,6,18,11,16,8,29,9,9,10,3,10,23,56,5,16,10,13,6,33,10,16,4,6,16,,,,,,,,,,,,,,,,,,,,,,,,,,,,,,,,,,,,,,,,,,,,,,,,,,,,,,,,,,,,,,,,,,,,,,,,,,,,,,,,,,,,,,,,,,,,,,,,,,,,,,,,,,,,,,,,,,,,,,,,,,,,,,,,,,,,,,,,,,,,,,,,,,,,,,,,,,,,,,,,,,,,,,,,,,,,
2025,146,3376,54,3181,50,N,0,19,44,3,8,13,20,6,24,7,16,13,3,13,19,60,5,17,7,13,19,22,12,19,7,5,18,,,,,,,,,,,,,,,,,,,,,,,,,,,,,,,,,,,,,,,,,,,,,,,,,,,,,,,,,,,,,,,,,,,,,,,,,,,,,,,,,,,,,,,,,,,,,,,,,,,,,,,,,,,,,,,,,,,,,,,,,,,,,,,,,,,,,,,,,,,,,,,,,,,,,,,,,,,,,,,,,,,,,,,,,,,,
2025,146,3417,72,3261,65,H,0,21,55,10,24,20,28,10,28,15,15,9,6,15,25,67,5,15,10,12,13,30,10,15,8,4,21,,,,,,,,,,,,,,,,,,,,,,,,,,,,,,,,,,,,,,,,,,,,,,,,,,,,,,,,,,,,,,,,,,,,,,,,,,,,,,,,,,,,,,,,,,,,,,,,,,,,,,,,,,,,,,,,,,,,,,,,,,,,,,,,,,,,,,,,,,,,,,,,,,,,,,,,,,,,,,,,,,,,,,,,,,,,
2025,147,3163,78,3425,64,N,0,27,60,10,22,14,17,6,25,16,12,10,2,17,19,58,3,13,23,26,13,29,7,15,8,2,18,,,,,,,,,,,,,,,,,,,,,,,,,,,,,,,,,,,,,,,,,,,,,,,,,,,,,,,,,,,,,,,,,,,,,,,,,,,,,,,,,,,,,,,,,,,,,,,,,,,,,,,,,,,,,,,,,,,,,,,,,,,,,,,,,,,,,,,,,,,,,,,,,,,,,,,,,,,,,,,,,,,,,,,,,,,,
2025,147,3400,58,3395,47,N,0,24,61,2,3,8,11,11,23,14,8,9,6,20,12,45,4,20,19,21,11,27,8,21,1,3,14,,,,,,,,,,,,,,,,,,,,,,,,,,,,,,,,,,,,,,,,,,,,,,,,,,,,,,,,,,,,,,,,,,,,,,,,,,,,,,,,,,,,,,,,,,,,,,,,,,,,,,,,,,,,,,,,,,,,,,,,,,,,,,,,,,,,,,,,,,,,,,,,,,,,,,,,,,,,,,,,,,,,,,,,,,,,
2025,151,3163,85,3417,51,N,0,33,60,7,16,12,17,9,25,17,7,13,2,16,20,52,4,16,7,8,8,21,11,19,5,2,12,,,,,,,,,,,,,,,,,,,,,,,,,,,,,,,,,,,,,,,,,,,,,,,,,,,,,,,,,,,,,,,,,,,,,,,,,,,,,,,,,,,,,,,,,,,,,,,,,,,,,,,,,,,,,,,,,,,,,,,,,,,,,,,,,,,,,,,,,,,,,,,,,,,,,,,,,,,,,,,,,,,,,,,,,,,,
2025,151,3376,74,3400,57,N,0,29,57,7,11,9,12,10,26,17,13,7,5,15,22,56,4,10,9,12,9,20,10,14,6,5,17,,,,,,,,,,,,,,,,,,,,,,,,,,,,,,,,,,,,,,,,,,,,,,,,,,,,,,,,,,,,,,,,,,,,,,,,,,,,,,,,,,,,,,,,,,,,,,,,,,,,,,,,,,,,,,,,,,,,,,,,,,,,,,,,,,,,,,,,,,,,,,,,,,,,,,,,,,,,,,,,,,,,,,,,,,,,
2025,153,3163,82,3376,59,N,0,30,62,4,17,18,21,14,26,18,9,8,5,19,21,61,4,16,13,18,17,19,9,11,6,4,17,,,,,,,,,,,,,,,,,,,,,,,,,,,,,,,,,,,,,,,,,,,,,,,,,,,,,,,,,,,,,,,,,,,,,,,,,,,,,,,,,,,,,,,,,,,,,,,,,,,,,,,,,,,,,,,,,,,,,,,,,,,,,,,,,,,,,,,,,,,,,,,,,,,,,,,,,,,,,,,,,,,,,,,,,,,,
